topic,relevance,coverage,depth,novelty,technical_specificity,understandability,structurality,citation_sufficiency,citation_validity,factual_consistency,content_quality,white_paper_adaptability,evidence_credibility,overall
5G核心网安全架构及关键技术白皮书,5,5,5,5,4,4,4,4,4,4,5.000,4.000,4.000,4.400
6G传输技术白皮书,5,5,5,5,5,4,5,4,4,4,5.000,4.667,4.000,4.600
6G数字孪生网络安全技术白皮书,5,5,5,5,4,4,4,4,4,4,5.000,4.000,4.000,4.400
6G无源物联网定位技术白皮书,4,5,5,5,4,4,4,4,4,4,4.750,4.000,4.000,4.300
6G网络内生AI技术白皮书,5,5,5,5,5,4,5,4,4,4,5.000,4.667,4.000,4.600
6G网络协作通感技术白皮书,5,5,5,5,4,4,4,4,4,4,5.000,4.000,4.000,4.400
6G通感算智融合原生基座技术白皮书,5,5,5,5,4,4,4,4,4,4,5.000,4.000,4.000,4.400
分布式智算中心无损网络技术白皮书,5,5,5,5,4,4,4,4,4,4,5.000,4.000,4.000,4.400
负载均衡技术白皮书,5,5,5,5,5,4,5,4,4,4,5.000,4.667,4.000,4.600
超节点技术白皮书,4,5,5,5,5,4,5,4,4,4,4.750,4.667,4.000,4.500
