row_index,sentence_id,label_id,label
0,0,4,司法行为-起诉
5,12,1,人生-死亡
22,29,7,组织关系-加盟
30,35,3,司法行为-约谈
31,35,3,司法行为-约谈
37,37,3,司法行为-约谈
47,40,3,司法行为-约谈
51,43,3,司法行为-约谈
55,46,3,司法行为-约谈
56,46,3,司法行为-约谈
60,48,3,司法行为-约谈
62,52,3,司法行为-约谈
73,60,3,司法行为-约谈
74,61,3,司法行为-约谈
75,62,3,司法行为-约谈
76,63,3,司法行为-约谈
84,73,3,司法行为-约谈
86,75,3,司法行为-约谈
90,77,3,司法行为-约谈
96,87,3,司法行为-约谈
102,108,3,司法行为-约谈
111,118,3,司法行为-约谈
112,119,3,司法行为-约谈
116,121,3,司法行为-约谈
121,130,3,司法行为-约谈
126,138,3,司法行为-约谈
128,139,3,司法行为-约谈
130,140,3,司法行为-约谈
143,163,3,司法行为-约谈
145,167,3,司法行为-约谈
147,168,3,司法行为-约谈
156,177,3,司法行为-约谈
160,179,3,司法行为-约谈
167,182,3,司法行为-约谈
175,197,3,司法行为-约谈
177,205,3,司法行为-约谈
178,206,3,司法行为-约谈
179,208,3,司法行为-约谈
190,233,3,司法行为-约谈
192,241,3,司法行为-约谈
201,248,3,司法行为-约谈
203,251,3,司法行为-约谈
210,269,3,司法行为-约谈
221,278,3,司法行为-约谈
227,286,3,司法行为-约谈
233,290,3,司法行为-约谈
254,321,7,组织关系-加盟
265,326,0,产品行为-发布
268,327,0,产品行为-发布
269,332,0,产品行为-发布
271,337,0,产品行为-发布
273,338,0,产品行为-发布
275,342,0,产品行为-发布
281,344,0,产品行为-发布
282,345,0,产品行为-发布
286,348,0,产品行为-发布
287,353,0,产品行为-发布
288,353,0,产品行为-发布
301,371,0,产品行为-发布
305,378,0,产品行为-发布
306,379,0,产品行为-发布
307,382,0,产品行为-发布
309,383,0,产品行为-发布
311,388,0,产品行为-发布
314,392,0,产品行为-发布
315,394,0,产品行为-发布
317,396,0,产品行为-发布
319,397,0,产品行为-发布
328,406,0,产品行为-发布
333,410,0,产品行为-发布
336,412,0,产品行为-发布
337,414,0,产品行为-发布
338,414,0,产品行为-发布
340,417,0,产品行为-发布
341,419,0,产品行为-发布
345,425,0,产品行为-发布
348,432,0,产品行为-发布
350,437,0,产品行为-发布
354,444,0,产品行为-发布
358,452,0,产品行为-发布
362,455,0,产品行为-发布
367,462,0,产品行为-发布
371,463,0,产品行为-发布
378,476,0,产品行为-发布
379,480,0,产品行为-发布
382,485,0,产品行为-发布
396,506,0,产品行为-发布
399,507,0,产品行为-发布
402,512,0,产品行为-发布
405,521,0,产品行为-发布
406,521,0,产品行为-发布
407,521,0,产品行为-发布
413,532,0,产品行为-发布
414,533,0,产品行为-发布
416,536,0,产品行为-发布
435,553,0,产品行为-发布
436,554,0,产品行为-发布
437,557,0,产品行为-发布
441,565,0,产品行为-发布
447,586,0,产品行为-发布
448,587,0,产品行为-发布
449,588,0,产品行为-发布
453,593,0,产品行为-发布
454,594,0,产品行为-发布
461,602,0,产品行为-发布
464,606,0,产品行为-发布
466,612,0,产品行为-发布
467,616,0,产品行为-发布
473,622,0,产品行为-发布
474,623,0,产品行为-发布
481,635,0,产品行为-发布
493,660,0,产品行为-发布
501,676,0,产品行为-发布
502,677,0,产品行为-发布
513,687,0,产品行为-发布
523,696,0,产品行为-发布
524,697,0,产品行为-发布
525,699,0,产品行为-发布
526,700,0,产品行为-发布
528,707,0,产品行为-发布
529,707,0,产品行为-发布
532,717,0,产品行为-发布
534,720,0,产品行为-发布
543,734,0,产品行为-发布
546,744,0,产品行为-发布
553,752,0,产品行为-发布
561,761,0,产品行为-发布
567,765,0,产品行为-发布
571,771,0,产品行为-发布
572,772,0,产品行为-发布
580,781,0,产品行为-发布
582,783,0,产品行为-发布
587,790,0,产品行为-发布
588,790,0,产品行为-发布
590,795,0,产品行为-发布
594,797,0,产品行为-发布
597,804,0,产品行为-发布
603,809,0,产品行为-发布
604,813,0,产品行为-发布
608,818,0,产品行为-发布
613,820,0,产品行为-发布
628,834,0,产品行为-发布
633,836,0,产品行为-发布
634,838,0,产品行为-发布
641,855,0,产品行为-发布
642,860,0,产品行为-发布
648,863,0,产品行为-发布
649,865,0,产品行为-发布
650,868,0,产品行为-发布
652,869,0,产品行为-发布
653,870,0,产品行为-发布
664,887,0,产品行为-发布
675,897,0,产品行为-发布
678,906,0,产品行为-发布
680,908,0,产品行为-发布
682,910,0,产品行为-发布
689,917,0,产品行为-发布
693,933,0,产品行为-发布
700,937,0,产品行为-发布
709,943,0,产品行为-发布
714,950,0,产品行为-发布
717,954,0,产品行为-发布
719,955,0,产品行为-发布
723,964,0,产品行为-发布
724,966,0,产品行为-发布
727,976,0,产品行为-发布
730,981,0,产品行为-发布
731,981,0,产品行为-发布
733,984,0,产品行为-发布
749,1021,0,产品行为-发布
754,1035,0,产品行为-发布
755,1037,0,产品行为-发布
757,1041,0,产品行为-发布
761,1054,0,产品行为-发布
763,1057,0,产品行为-发布
766,1060,0,产品行为-发布
773,1073,0,产品行为-发布
774,1077,0,产品行为-发布
775,1081,0,产品行为-发布
776,1082,0,产品行为-发布
777,1082,0,产品行为-发布
779,1087,0,产品行为-发布
784,1100,0,产品行为-发布
785,1101,0,产品行为-发布
786,1104,0,产品行为-发布
787,1104,0,产品行为-发布
792,1109,0,产品行为-发布
793,1110,0,产品行为-发布
800,1122,0,产品行为-发布
802,1125,0,产品行为-发布
807,1138,0,产品行为-发布
812,1149,0,产品行为-发布
816,1166,0,产品行为-发布
829,1196,0,产品行为-发布
833,1200,0,产品行为-发布
838,1207,0,产品行为-发布
845,1222,0,产品行为-发布
847,1223,0,产品行为-发布
854,1240,0,产品行为-发布
855,1240,0,产品行为-发布
861,1244,0,产品行为-发布
862,1250,0,产品行为-发布
865,1255,0,产品行为-发布
869,1263,0,产品行为-发布
876,1270,0,产品行为-发布
889,1296,0,产品行为-发布
896,1309,0,产品行为-发布
903,1323,0,产品行为-发布
908,1330,0,产品行为-发布
910,1332,0,产品行为-发布
932,1364,0,产品行为-发布
934,1365,0,产品行为-发布
939,1376,0,产品行为-发布
951,1391,0,产品行为-发布
953,1392,0,产品行为-发布
954,1395,0,产品行为-发布
957,1400,0,产品行为-发布
963,1410,0,产品行为-发布
987,1439,0,产品行为-发布
1008,1478,0,产品行为-发布
1009,1479,0,产品行为-发布
1012,1481,0,产品行为-发布
1018,1492,0,产品行为-发布
1020,1493,0,产品行为-发布
1023,1496,0,产品行为-发布
1035,1515,0,产品行为-发布
1218,1803,1,人生-死亡
1226,1813,2,司法行为-拘捕
1227,1813,2,司法行为-拘捕
1241,1821,2,司法行为-拘捕
1242,1822,2,司法行为-拘捕
1253,1829,2,司法行为-拘捕
1257,1830,2,司法行为-拘捕
1258,1830,2,司法行为-拘捕
1261,1832,2,司法行为-拘捕
1262,1835,2,司法行为-拘捕
1263,1836,2,司法行为-拘捕
1264,1837,2,司法行为-拘捕
1265,1837,2,司法行为-拘捕
1272,1842,2,司法行为-拘捕
1283,1848,2,司法行为-拘捕
1286,1849,2,司法行为-拘捕
1287,1850,2,司法行为-拘捕
1288,1853,2,司法行为-拘捕
1289,1854,2,司法行为-拘捕
1298,1862,2,司法行为-拘捕
1299,1864,2,司法行为-拘捕
1300,1865,2,司法行为-拘捕
1304,1868,2,司法行为-拘捕
1310,1869,2,司法行为-拘捕
1311,1870,2,司法行为-拘捕
1318,1875,2,司法行为-拘捕
1324,1880,2,司法行为-拘捕
1330,1885,2,司法行为-拘捕
1331,1886,2,司法行为-拘捕
1332,1889,2,司法行为-拘捕
1342,1895,2,司法行为-拘捕
1344,1896,2,司法行为-拘捕
1349,1897,2,司法行为-拘捕
1352,1900,2,司法行为-拘捕
1353,1901,2,司法行为-拘捕
1357,1905,2,司法行为-拘捕
1361,1908,2,司法行为-拘捕
1366,1909,2,司法行为-拘捕
1367,1909,2,司法行为-拘捕
1368,1909,2,司法行为-拘捕
1372,1912,2,司法行为-拘捕
1373,1914,2,司法行为-拘捕
1375,1918,2,司法行为-拘捕
1379,1920,2,司法行为-拘捕
1382,1922,2,司法行为-拘捕
1389,1925,2,司法行为-拘捕
1392,1928,2,司法行为-拘捕
1393,1932,2,司法行为-拘捕
1402,1939,2,司法行为-拘捕
1407,1942,2,司法行为-拘捕
1408,1942,2,司法行为-拘捕
1410,1943,2,司法行为-拘捕
1414,1948,2,司法行为-拘捕
1415,1949,2,司法行为-拘捕
1417,1956,2,司法行为-拘捕
1418,1956,2,司法行为-拘捕
1421,1958,2,司法行为-拘捕
1422,1958,2,司法行为-拘捕
1423,1959,2,司法行为-拘捕
1426,1961,2,司法行为-拘捕
1427,1962,2,司法行为-拘捕
1435,1972,2,司法行为-拘捕
1437,1976,2,司法行为-拘捕
1440,1980,2,司法行为-拘捕
1442,1981,2,司法行为-拘捕
1448,1986,2,司法行为-拘捕
1449,1987,2,司法行为-拘捕
1459,1996,2,司法行为-拘捕
1463,2003,2,司法行为-拘捕
1465,2007,2,司法行为-拘捕
1466,2008,2,司法行为-拘捕
1470,2012,2,司法行为-拘捕
1471,2013,2,司法行为-拘捕
1473,2020,2,司法行为-拘捕
1477,2021,2,司法行为-拘捕
1484,2029,2,司法行为-拘捕
1493,2042,2,司法行为-拘捕
1495,2044,2,司法行为-拘捕
1499,2050,2,司法行为-拘捕
1505,2055,2,司法行为-拘捕
1515,2072,2,司法行为-拘捕
1519,2076,2,司法行为-拘捕
1530,2087,2,司法行为-拘捕
1532,2088,2,司法行为-拘捕
1551,2112,2,司法行为-拘捕
1561,2116,2,司法行为-拘捕
1568,2125,2,司法行为-拘捕
1574,2129,2,司法行为-拘捕
1575,2129,2,司法行为-拘捕
1587,2141,2,司法行为-拘捕
1593,2146,2,司法行为-拘捕
1594,2146,2,司法行为-拘捕
1596,2151,2,司法行为-拘捕
1597,2153,2,司法行为-拘捕
1602,2157,2,司法行为-拘捕
1603,2160,2,司法行为-拘捕
1610,2165,2,司法行为-拘捕
1612,2166,2,司法行为-拘捕
1619,2176,2,司法行为-拘捕
1630,2186,2,司法行为-拘捕
1631,2186,2,司法行为-拘捕
1636,2193,2,司法行为-拘捕
1648,2208,2,司法行为-拘捕
1649,2209,2,司法行为-拘捕
1650,2209,2,司法行为-拘捕
1656,2221,2,司法行为-拘捕
1659,2224,2,司法行为-拘捕
1664,2228,2,司法行为-拘捕
1667,2235,2,司法行为-拘捕
1689,2247,2,司法行为-拘捕
1699,2259,2,司法行为-拘捕
1701,2266,2,司法行为-拘捕
1702,2268,2,司法行为-拘捕
1706,2272,2,司法行为-拘捕
1711,2290,2,司法行为-拘捕
1717,2296,2,司法行为-拘捕
1718,2298,2,司法行为-拘捕
1724,2303,2,司法行为-拘捕
1725,2304,2,司法行为-拘捕
1739,2312,2,司法行为-拘捕
1751,2328,2,司法行为-拘捕
1755,2333,2,司法行为-拘捕
1763,2349,2,司法行为-拘捕
1765,2355,2,司法行为-拘捕
1766,2355,2,司法行为-拘捕
1768,2359,2,司法行为-拘捕
1776,2365,2,司法行为-拘捕
1778,2366,2,司法行为-拘捕
1779,2366,2,司法行为-拘捕
1780,2367,2,司法行为-拘捕
1782,2368,2,司法行为-拘捕
1785,2371,2,司法行为-拘捕
1791,2376,2,司法行为-拘捕
1806,2392,2,司法行为-拘捕
1818,2409,2,司法行为-拘捕
1819,2412,2,司法行为-拘捕
1827,2415,2,司法行为-拘捕
1829,2419,2,司法行为-拘捕
1841,2437,2,司法行为-拘捕
1842,2438,2,司法行为-拘捕
1844,2442,2,司法行为-拘捕
1853,2458,2,司法行为-拘捕
1859,2465,2,司法行为-拘捕
1864,2476,9,组织关系-退出
1871,2485,9,组织关系-退出
1872,2488,9,组织关系-退出
1874,2489,9,组织关系-退出
1878,2490,9,组织关系-退出
1879,2491,9,组织关系-退出
1880,2492,9,组织关系-退出
1881,2493,9,组织关系-退出
1883,2495,9,组织关系-退出
1884,2496,9,组织关系-退出
1886,2498,9,组织关系-退出
1887,2499,9,组织关系-退出
1889,2500,9,组织关系-退出
1892,2506,9,组织关系-退出
1893,2509,9,组织关系-退出
1895,2513,9,组织关系-退出
1896,2514,9,组织关系-退出
1899,2516,9,组织关系-退出
1901,2517,9,组织关系-退出
1902,2519,9,组织关系-退出
1912,2522,9,组织关系-退出
1916,2527,9,组织关系-退出
1918,2531,9,组织关系-退出
1921,2534,9,组织关系-退出
1933,2548,9,组织关系-退出
1934,2549,9,组织关系-退出
1935,2553,9,组织关系-退出
1938,2559,9,组织关系-退出
1941,2563,9,组织关系-退出
1944,2571,9,组织关系-退出
1945,2572,9,组织关系-退出
1946,2574,9,组织关系-退出
1947,2575,9,组织关系-退出
1957,2587,9,组织关系-退出
1960,2595,9,组织关系-退出
1961,2596,9,组织关系-退出
1977,2612,9,组织关系-退出
1981,2616,9,组织关系-退出
1982,2617,9,组织关系-退出
1986,2626,9,组织关系-退出
1987,2628,9,组织关系-退出
1989,2631,9,组织关系-退出
1991,2634,9,组织关系-退出
1993,2639,9,组织关系-退出
2014,2671,3,司法行为-约谈
2221,3055,4,司法行为-起诉
2229,3062,4,司法行为-起诉
2233,3065,4,司法行为-起诉
2240,3077,4,司法行为-起诉
2252,3090,4,司法行为-起诉
2257,3094,4,司法行为-起诉
2270,3111,4,司法行为-起诉
2272,3115,4,司法行为-起诉
2274,3117,4,司法行为-起诉
2276,3120,4,司法行为-起诉
2277,3121,4,司法行为-起诉
2280,3127,4,司法行为-起诉
2281,3128,4,司法行为-起诉
2282,3128,4,司法行为-起诉
2289,3140,4,司法行为-起诉
2293,3151,4,司法行为-起诉
2297,3165,4,司法行为-起诉
2308,3178,4,司法行为-起诉
2319,3193,4,司法行为-起诉
2327,3209,8,组织关系-辞/离职
2328,3211,8,组织关系-辞/离职
2334,3215,8,组织关系-辞/离职
2336,3217,8,组织关系-辞/离职
2338,3220,8,组织关系-辞/离职
2342,3229,8,组织关系-辞/离职
2344,3239,8,组织关系-辞/离职
2354,3260,8,组织关系-辞/离职
2356,3261,8,组织关系-辞/离职
2361,3269,8,组织关系-辞/离职
2363,3277,8,组织关系-辞/离职
2376,3307,8,组织关系-辞/离职
2379,3314,8,组织关系-辞/离职
2380,3319,8,组织关系-辞/离职
2393,3357,8,组织关系-辞/离职
2405,3383,8,组织关系-辞/离职
2406,3386,8,组织关系-辞/离职
2410,3392,8,组织关系-辞/离职
2420,3418,8,组织关系-辞/离职
2437,3469,8,组织关系-辞/离职
2448,3493,8,组织关系-辞/离职
2452,3499,8,组织关系-辞/离职
2461,3556,8,组织关系-辞/离职
2464,3563,8,组织关系-辞/离职
2473,3589,8,组织关系-辞/离职
2474,3589,8,组织关系-辞/离职
2477,3610,8,组织关系-辞/离职
2487,3632,8,组织关系-辞/离职
2493,3647,8,组织关系-辞/离职
2505,3683,8,组织关系-辞/离职
2521,3733,8,组织关系-辞/离职
2522,3737,8,组织关系-辞/离职
2532,3757,8,组织关系-辞/离职
2536,3768,7,组织关系-加盟
2538,3769,7,组织关系-加盟
2541,3772,7,组织关系-加盟
2552,3779,7,组织关系-加盟
2553,3780,7,组织关系-加盟
2557,3780,7,组织关系-加盟
2560,3783,7,组织关系-加盟
2561,3785,7,组织关系-加盟
2563,3789,7,组织关系-加盟
2565,3791,7,组织关系-加盟
2569,3792,7,组织关系-加盟
2570,3794,7,组织关系-加盟
2573,3795,7,组织关系-加盟
2578,3805,7,组织关系-加盟
2589,3814,7,组织关系-加盟
2595,3819,7,组织关系-加盟
2615,3834,7,组织关系-加盟
2618,3835,7,组织关系-加盟
2624,3838,7,组织关系-加盟
2625,3839,7,组织关系-加盟
2626,3839,7,组织关系-加盟
2628,3841,7,组织关系-加盟
2629,3842,7,组织关系-加盟
2632,3851,7,组织关系-加盟
2637,3855,7,组织关系-加盟
2639,3857,7,组织关系-加盟
2648,3865,7,组织关系-加盟
2655,3873,7,组织关系-加盟
2658,3877,7,组织关系-加盟
2662,3881,7,组织关系-加盟
2664,3882,7,组织关系-加盟
2669,3885,7,组织关系-加盟
2673,3888,7,组织关系-加盟
2674,3888,7,组织关系-加盟
2683,3896,7,组织关系-加盟
2689,3905,7,组织关系-加盟
2696,3910,7,组织关系-加盟
2702,3915,7,组织关系-加盟
2710,3922,7,组织关系-加盟
2715,3927,7,组织关系-加盟
2720,3932,7,组织关系-加盟
2721,3935,7,组织关系-加盟
2726,3944,7,组织关系-加盟
2732,3952,7,组织关系-加盟
2733,3952,7,组织关系-加盟
2736,3957,7,组织关系-加盟
2740,3960,7,组织关系-加盟
2743,3962,7,组织关系-加盟
2749,3970,7,组织关系-加盟
2753,3972,7,组织关系-加盟
2755,3975,7,组织关系-加盟
2757,3976,7,组织关系-加盟
2759,3981,7,组织关系-加盟
2761,3984,7,组织关系-加盟
2763,3987,7,组织关系-加盟
2766,3994,7,组织关系-加盟
2768,3996,7,组织关系-加盟
2771,4001,7,组织关系-加盟
2774,4002,7,组织关系-加盟
2777,4004,7,组织关系-加盟
2779,4007,7,组织关系-加盟
2782,4009,7,组织关系-加盟
2785,4010,7,组织关系-加盟
2786,4010,7,组织关系-加盟
2790,4013,7,组织关系-加盟
2792,4015,7,组织关系-加盟
2793,4017,7,组织关系-加盟
2794,4018,7,组织关系-加盟
2796,4019,7,组织关系-加盟
2803,4027,7,组织关系-加盟
2805,4028,7,组织关系-加盟
2807,4028,7,组织关系-加盟
2814,4031,7,组织关系-加盟
2817,4033,7,组织关系-加盟
2820,4034,7,组织关系-加盟
2824,4037,7,组织关系-加盟
2827,4038,7,组织关系-加盟
2844,4066,2,司法行为-拘捕
2851,4072,1,人生-死亡
2873,4092,2,司法行为-拘捕
2879,4104,1,人生-死亡
2888,4108,1,人生-死亡
2894,4120,1,人生-死亡
2901,4131,1,人生-死亡
2905,4136,1,人生-死亡
2907,4138,1,人生-死亡
2916,4157,1,人生-死亡
2919,4168,1,人生-死亡
2920,4169,1,人生-死亡
2935,4205,1,人生-死亡
2936,4208,1,人生-死亡
2946,4245,1,人生-死亡
2947,4245,1,人生-死亡
2959,4254,1,人生-死亡
2963,4263,1,人生-死亡
2970,4284,1,人生-死亡
2990,4340,1,人生-死亡
3006,4394,1,人生-死亡
3007,4394,1,人生-死亡
3024,4427,1,人生-死亡
3072,4535,1,人生-死亡
3093,4581,1,人生-死亡
3111,4625,1,人生-死亡
3123,4647,1,人生-死亡
3124,4651,1,人生-死亡
3134,4680,1,人生-死亡
3136,4690,1,人生-死亡
3142,4705,1,人生-死亡
3148,4722,4,司法行为-起诉
3438,5073,5,灾害/意外-车祸
3458,5099,5,灾害/意外-车祸
3464,5111,5,灾害/意外-车祸
3468,5122,5,灾害/意外-车祸
3469,5125,5,灾害/意外-车祸
3471,5127,5,灾害/意外-车祸
3475,5133,5,灾害/意外-车祸
3480,5138,5,灾害/意外-车祸
3481,5139,5,灾害/意外-车祸
3493,5188,5,灾害/意外-车祸
3495,5191,5,灾害/意外-车祸
3496,5192,5,灾害/意外-车祸
3497,5194,5,灾害/意外-车祸
3507,5200,5,灾害/意外-车祸
3515,5231,5,灾害/意外-车祸
3518,5234,5,灾害/意外-车祸
3522,5249,5,灾害/意外-车祸
3525,5255,5,灾害/意外-车祸
3526,5256,5,灾害/意外-车祸
3538,5273,5,灾害/意外-车祸
3539,5275,5,灾害/意外-车祸
3545,5288,5,灾害/意外-车祸
3550,5296,5,灾害/意外-车祸
3552,5301,5,灾害/意外-车祸
3553,5304,5,灾害/意外-车祸
3559,5319,5,灾害/意外-车祸
3780,5639,6,竞赛行为-胜负
3781,5640,6,竞赛行为-胜负
3784,5643,6,竞赛行为-胜负
3786,5644,6,竞赛行为-胜负
3787,5645,6,竞赛行为-胜负
3793,5649,6,竞赛行为-胜负
3798,5651,6,竞赛行为-胜负
3801,5654,6,竞赛行为-胜负
3807,5656,6,竞赛行为-胜负
3812,5657,6,竞赛行为-胜负
3818,5661,6,竞赛行为-胜负
3821,5661,6,竞赛行为-胜负
3823,5662,6,竞赛行为-胜负
3826,5665,6,竞赛行为-胜负
3827,5666,6,竞赛行为-胜负
3834,5669,6,竞赛行为-胜负
3837,5670,6,竞赛行为-胜负
3839,5672,6,竞赛行为-胜负
3847,5675,6,竞赛行为-胜负
3848,5678,6,竞赛行为-胜负
3852,5681,6,竞赛行为-胜负
3853,5682,6,竞赛行为-胜负
3867,5691,6,竞赛行为-胜负
3882,5695,6,竞赛行为-胜负
3885,5696,6,竞赛行为-胜负
3887,5698,6,竞赛行为-胜负
3889,5699,6,竞赛行为-胜负
3891,5700,6,竞赛行为-胜负
3892,5700,6,竞赛行为-胜负
3895,5706,6,竞赛行为-胜负
3896,5707,6,竞赛行为-胜负
3898,5710,6,竞赛行为-胜负
3899,5711,6,竞赛行为-胜负
3901,5712,6,竞赛行为-胜负
3903,5715,6,竞赛行为-胜负
3906,5717,6,竞赛行为-胜负
3910,5719,6,竞赛行为-胜负
3911,5720,6,竞赛行为-胜负
3912,5722,6,竞赛行为-胜负
3921,5724,6,竞赛行为-胜负
3923,5726,6,竞赛行为-胜负
3924,5727,6,竞赛行为-胜负
3933,5737,6,竞赛行为-胜负
3936,5738,6,竞赛行为-胜负
3943,5744,6,竞赛行为-胜负
3945,5746,6,竞赛行为-胜负
3948,5750,6,竞赛行为-胜负
3954,5753,6,竞赛行为-胜负
3956,5755,6,竞赛行为-胜负
3959,5757,6,竞赛行为-胜负
3960,5758,6,竞赛行为-胜负
3963,5760,6,竞赛行为-胜负
3965,5762,6,竞赛行为-胜负
3971,5768,6,竞赛行为-胜负
3972,5768,6,竞赛行为-胜负
3977,5775,6,竞赛行为-胜负
3986,5781,6,竞赛行为-胜负
3987,5782,6,竞赛行为-胜负
3993,5787,6,竞赛行为-胜负
3995,5789,6,竞赛行为-胜负
4001,5797,6,竞赛行为-胜负
4010,5807,6,竞赛行为-胜负
4016,5812,6,竞赛行为-胜负
4019,5815,6,竞赛行为-胜负
4022,5818,6,竞赛行为-胜负
4023,5821,6,竞赛行为-胜负
4026,5822,6,竞赛行为-胜负
4029,5823,6,竞赛行为-胜负
4033,5825,6,竞赛行为-胜负
4042,5831,6,竞赛行为-胜负
4046,5835,6,竞赛行为-胜负
4048,5836,6,竞赛行为-胜负
4058,5842,6,竞赛行为-胜负
4063,5846,6,竞赛行为-胜负
4065,5848,6,竞赛行为-胜负
4070,5849,6,竞赛行为-胜负
4076,5855,6,竞赛行为-胜负
4079,5858,6,竞赛行为-胜负
4080,5858,6,竞赛行为-胜负
4085,5861,6,竞赛行为-胜负
4092,5863,6,竞赛行为-胜负
4095,5869,6,竞赛行为-胜负
4103,5877,6,竞赛行为-胜负
4106,5879,6,竞赛行为-胜负
4109,5883,6,竞赛行为-胜负
4111,5885,6,竞赛行为-胜负
4114,5888,6,竞赛行为-胜负
4116,5890,6,竞赛行为-胜负
4118,5892,6,竞赛行为-胜负
4122,5897,6,竞赛行为-胜负
4123,5898,6,竞赛行为-胜负
4124,5898,6,竞赛行为-胜负
4125,5899,6,竞赛行为-胜负
4127,5903,6,竞赛行为-胜负
4128,5904,6,竞赛行为-胜负
4135,5909,6,竞赛行为-胜负
4139,5914,6,竞赛行为-胜负
4140,5916,6,竞赛行为-胜负
4145,5918,6,竞赛行为-胜负
4147,5919,6,竞赛行为-胜负
4148,5919,6,竞赛行为-胜负
4152,5921,6,竞赛行为-胜负
4158,5924,6,竞赛行为-胜负
4159,5925,6,竞赛行为-胜负
4160,5926,6,竞赛行为-胜负
4171,5935,6,竞赛行为-胜负
4180,5941,6,竞赛行为-胜负
4185,5945,6,竞赛行为-胜负
4187,5947,6,竞赛行为-胜负
4194,5954,6,竞赛行为-胜负
4198,5959,6,竞赛行为-胜负
4202,5963,6,竞赛行为-胜负
4204,5966,6,竞赛行为-胜负
4208,5968,6,竞赛行为-胜负
4210,5969,6,竞赛行为-胜负
4222,5973,6,竞赛行为-胜负
4227,5979,6,竞赛行为-胜负
4230,5982,6,竞赛行为-胜负
4234,5985,6,竞赛行为-胜负
4236,5986,6,竞赛行为-胜负
4247,5994,6,竞赛行为-胜负
4250,5998,6,竞赛行为-胜负
4256,6002,6,竞赛行为-胜负
4265,6013,6,竞赛行为-胜负
4266,6013,6,竞赛行为-胜负
4270,6014,6,竞赛行为-胜负
4273,6015,6,竞赛行为-胜负
4274,6016,6,竞赛行为-胜负
4281,6020,6,竞赛行为-胜负
4285,6025,6,竞赛行为-胜负
4286,6026,6,竞赛行为-胜负
4288,6028,6,竞赛行为-胜负
4290,6029,6,竞赛行为-胜负
4292,6032,6,竞赛行为-胜负
4294,6033,6,竞赛行为-胜负
4299,6038,6,竞赛行为-胜负
4300,6040,6,竞赛行为-胜负
4304,6043,6,竞赛行为-胜负
4305,6045,6,竞赛行为-胜负
4307,6046,6,竞赛行为-胜负
4310,6051,6,竞赛行为-胜负
4313,6054,6,竞赛行为-胜负
4315,6056,6,竞赛行为-胜负
4320,6060,6,竞赛行为-胜负
4321,6060,6,竞赛行为-胜负
4326,6062,6,竞赛行为-胜负
4327,6064,6,竞赛行为-胜负
4331,6067,6,竞赛行为-胜负
4333,6067,6,竞赛行为-胜负
4334,6067,6,竞赛行为-胜负
4337,6068,6,竞赛行为-胜负
4341,6072,6,竞赛行为-胜负
4345,6074,6,竞赛行为-胜负
4350,6081,6,竞赛行为-胜负
4354,6082,6,竞赛行为-胜负
4362,6090,6,竞赛行为-胜负
4366,6091,6,竞赛行为-胜负
4367,6092,6,竞赛行为-胜负
4371,6094,6,竞赛行为-胜负
4379,6098,6,竞赛行为-胜负
4381,6099,6,竞赛行为-胜负
4386,6100,6,竞赛行为-胜负
4390,6103,6,竞赛行为-胜负
4393,6105,6,竞赛行为-胜负
4398,6107,6,竞赛行为-胜负
4405,6115,6,竞赛行为-胜负
4409,6122,6,竞赛行为-胜负
4411,6125,6,竞赛行为-胜负
4412,6125,6,竞赛行为-胜负
4413,6127,6,竞赛行为-胜负
4414,6127,6,竞赛行为-胜负
4418,6132,6,竞赛行为-胜负
4421,6137,6,竞赛行为-胜负
4426,6141,6,竞赛行为-胜负
4433,6153,6,竞赛行为-胜负
4443,6162,6,竞赛行为-胜负
4445,6164,6,竞赛行为-胜负
4449,6166,6,竞赛行为-胜负
4457,6177,6,竞赛行为-胜负
4460,6182,6,竞赛行为-胜负
4468,6192,6,竞赛行为-胜负
4473,6200,6,竞赛行为-胜负
4475,6201,6,竞赛行为-胜负
4479,6208,6,竞赛行为-胜负
4480,6208,6,竞赛行为-胜负
4482,6210,6,竞赛行为-胜负
4485,6214,6,竞赛行为-胜负
4488,6218,6,竞赛行为-胜负
4489,6220,6,竞赛行为-胜负
4492,6221,6,竞赛行为-胜负
4494,6222,6,竞赛行为-胜负
4495,6223,6,竞赛行为-胜负
4505,6232,6,竞赛行为-胜负
4508,6234,6,竞赛行为-胜负
4509,6235,6,竞赛行为-胜负
4511,6236,6,竞赛行为-胜负
4512,6237,6,竞赛行为-胜负
4513,6238,6,竞赛行为-胜负
4516,6240,6,竞赛行为-胜负
4517,6241,6,竞赛行为-胜负
4527,6246,6,竞赛行为-胜负
4528,6247,6,竞赛行为-胜负
4529,6247,6,竞赛行为-胜负
4535,6251,6,竞赛行为-胜负
4538,6252,6,竞赛行为-胜负
4545,6260,6,竞赛行为-胜负
4546,6263,6,竞赛行为-胜负
4552,6269,6,竞赛行为-胜负
4565,6290,6,竞赛行为-胜负
4571,6297,6,竞赛行为-胜负
4572,6299,6,竞赛行为-胜负
4574,6300,6,竞赛行为-胜负
4575,6301,6,竞赛行为-胜负
4576,6304,6,竞赛行为-胜负
4577,6305,6,竞赛行为-胜负
4584,6310,6,竞赛行为-胜负
4588,6312,6,竞赛行为-胜负
4592,6314,6,竞赛行为-胜负
4601,6328,6,竞赛行为-胜负
4611,6333,6,竞赛行为-胜负
4617,6338,6,竞赛行为-胜负
4619,6340,6,竞赛行为-胜负
4624,6345,6,竞赛行为-胜负
4627,6346,6,竞赛行为-胜负
4632,6354,6,竞赛行为-胜负
4650,6379,6,竞赛行为-胜负
4652,6380,6,竞赛行为-胜负
4654,6383,6,竞赛行为-胜负
4657,6388,6,竞赛行为-胜负
4659,6389,6,竞赛行为-胜负
4662,6390,6,竞赛行为-胜负
4674,6400,6,竞赛行为-胜负
4675,6400,6,竞赛行为-胜负
4677,6402,6,竞赛行为-胜负
4679,6407,6,竞赛行为-胜负
4693,6417,6,竞赛行为-胜负
4696,6419,6,竞赛行为-胜负
4697,6420,6,竞赛行为-胜负
4700,6422,6,竞赛行为-胜负
4701,6423,6,竞赛行为-胜负
4705,6428,6,竞赛行为-胜负
4708,6430,6,竞赛行为-胜负
4711,6432,6,竞赛行为-胜负
4735,6451,6,竞赛行为-胜负
4736,6452,6,竞赛行为-胜负
4740,6463,6,竞赛行为-胜负
4741,6465,6,竞赛行为-胜负
4744,6466,6,竞赛行为-胜负
4747,6471,6,竞赛行为-胜负
4748,6471,6,竞赛行为-胜负
4749,6472,6,竞赛行为-胜负
4751,6474,6,竞赛行为-胜负
4752,6475,6,竞赛行为-胜负
4755,6479,6,竞赛行为-胜负
4758,6483,6,竞赛行为-胜负
4763,6489,6,竞赛行为-胜负
4769,6494,6,竞赛行为-胜负
4771,6500,6,竞赛行为-胜负
4775,6501,6,竞赛行为-胜负
4781,6504,6,竞赛行为-胜负
4783,6506,6,竞赛行为-胜负
4785,6507,6,竞赛行为-胜负
4796,6513,6,竞赛行为-胜负
4808,6525,6,竞赛行为-胜负
4814,6533,6,竞赛行为-胜负
4815,6534,6,竞赛行为-胜负
4817,6535,6,竞赛行为-胜负
4820,6538,6,竞赛行为-胜负
4824,6539,6,竞赛行为-胜负
4828,6544,6,竞赛行为-胜负
4844,6566,6,竞赛行为-胜负
4851,6573,6,竞赛行为-胜负
4852,6580,6,竞赛行为-胜负
4855,6581,6,竞赛行为-胜负
4867,6588,6,竞赛行为-胜负
4874,6593,6,竞赛行为-胜负
4875,6594,6,竞赛行为-胜负
4878,6598,6,竞赛行为-胜负
4885,6602,6,竞赛行为-胜负
4889,6610,6,竞赛行为-胜负
4898,6618,6,竞赛行为-胜负
4899,6620,6,竞赛行为-胜负
4904,6625,6,竞赛行为-胜负
4914,6630,6,竞赛行为-胜负
4916,6633,6,竞赛行为-胜负
4917,6633,6,竞赛行为-胜负
4922,6635,6,竞赛行为-胜负
4926,6641,6,竞赛行为-胜负
4932,6645,6,竞赛行为-胜负
4936,6649,6,竞赛行为-胜负
4939,6653,6,竞赛行为-胜负
4940,6656,6,竞赛行为-胜负
4941,6656,6,竞赛行为-胜负
4942,6657,6,竞赛行为-胜负
4945,6664,6,竞赛行为-胜负
4955,6674,6,竞赛行为-胜负
4956,6674,6,竞赛行为-胜负
4960,6677,6,竞赛行为-胜负
4961,6678,6,竞赛行为-胜负
4963,6679,6,竞赛行为-胜负
4968,6682,6,竞赛行为-胜负
4974,6690,6,竞赛行为-胜负
4977,6691,6,竞赛行为-胜负
4983,6696,6,竞赛行为-胜负
4985,6698,6,竞赛行为-胜负
4990,6706,6,竞赛行为-胜负
4991,6707,6,竞赛行为-胜负
5001,6717,6,竞赛行为-胜负
5009,6730,6,竞赛行为-胜负
5010,6736,6,竞赛行为-胜负
5013,6741,6,竞赛行为-胜负
5022,6752,6,竞赛行为-胜负
5026,6758,6,竞赛行为-胜负
5028,6768,6,竞赛行为-胜负
5032,6776,6,竞赛行为-胜负
5038,6784,6,竞赛行为-胜负
5039,6787,6,竞赛行为-胜负
5044,6790,6,竞赛行为-胜负
5045,6791,6,竞赛行为-胜负
5054,6798,6,竞赛行为-胜负
5056,6803,6,竞赛行为-胜负
5059,6809,6,竞赛行为-胜负
5078,6827,6,竞赛行为-胜负
5085,6834,6,竞赛行为-胜负
5089,6843,6,竞赛行为-胜负
5095,6853,6,竞赛行为-胜负
5097,6856,6,竞赛行为-胜负
5098,6857,6,竞赛行为-胜负
5100,6858,6,竞赛行为-胜负
5102,6861,6,竞赛行为-胜负
5103,6862,6,竞赛行为-胜负
5105,6864,6,竞赛行为-胜负
5113,6869,6,竞赛行为-胜负
5115,6872,6,竞赛行为-胜负
5126,6885,6,竞赛行为-胜负
5127,6886,6,竞赛行为-胜负
5132,6889,6,竞赛行为-胜负
5143,6902,6,竞赛行为-胜负
5144,6903,6,竞赛行为-胜负
5148,6912,6,竞赛行为-胜负
5149,6913,6,竞赛行为-胜负
5152,6915,6,竞赛行为-胜负
5155,6922,6,竞赛行为-胜负
5158,6923,6,竞赛行为-胜负
5165,6932,6,竞赛行为-胜负
5166,6933,6,竞赛行为-胜负
5169,6937,6,竞赛行为-胜负
5172,6940,6,竞赛行为-胜负
5174,6942,6,竞赛行为-胜负
5184,6956,6,竞赛行为-胜负
5193,6966,6,竞赛行为-胜负
5197,6968,6,竞赛行为-胜负
5199,6971,6,竞赛行为-胜负
5203,6977,6,竞赛行为-胜负
5204,6978,6,竞赛行为-胜负
5211,6983,6,竞赛行为-胜负
5221,6989,6,竞赛行为-胜负
5225,6999,6,竞赛行为-胜负
5228,7001,6,竞赛行为-胜负
5229,7003,6,竞赛行为-胜负
5230,7004,6,竞赛行为-胜负
5232,7006,6,竞赛行为-胜负
5238,7012,6,竞赛行为-胜负
5244,7019,6,竞赛行为-胜负
5251,7028,6,竞赛行为-胜负
5252,7028,6,竞赛行为-胜负
5257,7034,6,竞赛行为-胜负
5262,7041,6,竞赛行为-胜负
5266,7042,6,竞赛行为-胜负
5268,7044,6,竞赛行为-胜负
5274,7049,6,竞赛行为-胜负
5278,7051,6,竞赛行为-胜负
5281,7057,6,竞赛行为-胜负
5293,7066,6,竞赛行为-胜负
5294,7066,6,竞赛行为-胜负
5299,7073,6,竞赛行为-胜负
5306,7080,6,竞赛行为-胜负
5321,7098,6,竞赛行为-胜负
5325,7099,6,竞赛行为-胜负
5327,7101,6,竞赛行为-胜负
5341,7122,6,竞赛行为-胜负
5342,7123,6,竞赛行为-胜负
5349,7127,6,竞赛行为-胜负
5356,7133,6,竞赛行为-胜负
5361,7137,6,竞赛行为-胜负
5363,7139,6,竞赛行为-胜负
5367,7147,6,竞赛行为-胜负
5368,7148,6,竞赛行为-胜负
5371,7149,6,竞赛行为-胜负
5372,7151,6,竞赛行为-胜负
5373,7151,6,竞赛行为-胜负
5394,7173,6,竞赛行为-胜负
5400,7179,6,竞赛行为-胜负
5401,7181,6,竞赛行为-胜负
5405,7186,6,竞赛行为-胜负
5418,7196,6,竞赛行为-胜负
5424,7204,6,竞赛行为-胜负
5426,7207,6,竞赛行为-胜负
5430,7210,6,竞赛行为-胜负
5434,7215,6,竞赛行为-胜负
5436,7218,6,竞赛行为-胜负
5440,7228,6,竞赛行为-胜负
5445,7230,6,竞赛行为-胜负
5448,7234,6,竞赛行为-胜负
5449,7235,6,竞赛行为-胜负
5460,7247,4,司法行为-起诉
5462,7250,6,竞赛行为-胜负
5469,7259,6,竞赛行为-胜负
5472,7263,6,竞赛行为-胜负
5478,7275,1,人生-死亡
